0.06372113,0.18939289999999998,0.26748174,-0.15453027,0.42201201,0.33767444,0.049375655,0.09407502300000001,11.359893,5.5108282,0.20377237,0.012778461000000001,3.9866375,0.0043641958,3.0,8.75,0.04106177,1709,0.077178178,6.899328999999999,0.062345618,0.19201406,0.216585,-0.21994334,0.43652834,0.30820486,0.010851501999999999,0.009500647,8.029518300000001,1.2072707,0.17476538,0.011816717,3.6974184,0.0043731238,3.25,8.25,0.010465868,1709,0
0.10083995,0.33313184,0.32653288,-0.25417616,0.58070905,0.43522238,0.03263297,0.15093310000000001,10.184502,3.7955962999999997,0.37781025,0.029404989,3.2121271,0.022049258999999998,3.0,5.75,0.010258924,6295,0.089830939,3.9259877999999997,0.068188802,0.20940685,0.30686849,-0.27684084,0.58370933,0.41554164,0.015447285,0.074449403,8.837731800000002,1.3354483,0.23128693,0.016105593,3.5901647000000003,0.0064208919,3.5,6.5,0.011785017,6295,0
0.045220182000000005,0.1191672,0.16017328,-0.16009073,0.32026401,0.25907546,0.025066886,0.041173786000000004,9.1076154,2.9858973,0.13370928,0.006022304799999999,5.5505858,0.0014046182000000001,5.5,11.5,0.04072855,6961,0.061838954,12.995030999999999,0.045310884,0.10058805,0.19110948,-0.23810547,0.42921495,0.311092,0.036968318,0.050389475,10.988748,5.7676532,0.16831344,0.007302722199999999,5.762010299999999,0.0014391076,4.0,12.0,0.049600643,6961,0
0.09341111,0.26937989,0.2808408,-0.26754856,0.54838936,0.47546616,0.023793147,0.30283752,11.44097,3.6634029999999997,0.4082622,0.026342997000000003,3.8744851000000002,0.013158162,3.5,6.75,0.012595961999999999,7119,0.11204575,24.8432,0.08389663,0.22644887,0.37074809999999997,-0.26810341,0.63885152,0.43032992,0.0072693696,0.38256305,10.480476,1.190841,0.35235404,0.023873736,3.6897664,0.006185668399999999,4.25,8.25,0.005695845400000001,7119,0
0.040287905,0.12143127,0.15881641,-0.11981154,0.27862795,0.22168959,0.0037736497,0.07384492599999999,6.1693086,0.87786705,0.11099125,0.0051941407,5.3421375,0.001572018,6.0,8.0,0.0062376378,7621,0.049511844000000006,1.1576939,0.040432397,0.12345644,0.12684616,-0.11382901,0.24067517,0.20141438,0.011296056,0.012255276,6.597396300000001,1.5497273999999999,0.10638727,0.0048992165,5.42879,0.0015285635,5.25,8.5,0.017459294,7621,0
0.12020175,0.35539521,0.32560915,-0.45440013,0.78000928,0.5822265999999999,0.010567748,0.41861369,11.376335000000001,0.56294016,0.56687443,0.046738097,3.0321861,0.019536203000000002,2.5,6.25,0.0049899562,7850,0.10534783,13.412854999999999,0.082603377,0.22712355,0.3363599,-0.20928307,0.54564297,0.44699688,0.0070434015,0.08913615300000001,9.4541134,1.0959447,0.28643315,0.021835847999999998,3.2793912000000005,0.0068345585999999995,2.25,6.5,0.0084193368,7850,0
0.080762108,0.23017277,0.27662827,-0.25845273,0.535081,0.44576207,0.10325124,0.10754833,15.498876000000001,11.637666000000001,0.3413388,0.019928923,4.281952400000001,0.006358186500000001,2.75,9.25,0.054323703,8197,0.10285533,15.911353,0.080848923,0.23231039,0.2515411,-0.31353317,0.56507426,0.38099834,0.033850666,0.041777338,11.252125,3.2918068,0.30375477,0.020640036,3.6791939,0.0089235473,2.75,7.5,0.019171337,8197,0
0.055456523,0.1833872,0.14143813,-0.169601,0.31103913,0.24646175,0.015793307,0.011890224,6.4366951,1.2636037,0.099825863,0.0091680223,2.722121,0.0054024029000000005,2.0,6.75,0.014999337,9547,0.090016336,9.9592786,0.07270463099999999,0.18930504,0.22434663,-0.2018073,0.42615393,0.33720906,0.037339458,0.20955631,8.236298,4.5710607,0.16687702,0.01599658,2.6080109,0.0058262655,1.75,6.0,0.016245209,9547,0
0.15526502,0.44476309,0.45563580000000004,-0.46585005,0.92148585,0.7839404999999999,0.07831422099999999,0.79086732,25.381373999999997,10.738112,1.4106268999999998,0.073233283,4.8155252,0.018366308,3.75,7.5,0.026399314,10413,0.1760833,11.956197,0.14454414,0.44608012,0.45779418,-0.39677017,0.85456435,0.70300772,0.018068758,0.22644832,22.137596,3.1621039,1.2402426000000002,0.061720164,5.023652200000001,0.013819921,4.25,8.25,0.013905863000000001,10413,0
0.10884415,0.28965932,0.39794469,-0.29827105,0.69621574,0.58756976,0.011124087,0.21740337,12.158164,1.8912244999999999,0.46288854,0.038646316,2.9943897999999995,0.017621907,1.5,6.25,0.0077358910999999995,15269,0.28770041,4.1613636,0.20650101,0.47506169,0.91525162,-0.99758236,1.912834,1.1009262,0.031270233,0.24719804,21.650682,4.1335398,1.3812332,0.1654928,2.0865457999999997,0.061250765,0.75,5.75,0.0093706969,15269,0
0.11089020000000001,0.33307053,0.39491516,-0.34843083,0.74334599,0.57326336,0.046017391,0.66569671,14.188695000000001,5.530865,0.61868368,0.038144389,4.054880000000001,0.017993356000000002,4.0,7.25,0.013397321,17104,0.12022763,8.4394581,0.098783328,0.31571743,0.29991578,-0.27367674,0.57359252,0.46248141,0.014010943,0.28513894,11.899569,2.0314736,0.50374676,0.028765778,4.378004,0.013271931,4.5,7.0,0.006582730699999999,17104,0
0.070386087,0.21756673,0.22776336,-0.23596736,0.46373072,0.3855192,0.005459507099999999,0.18549939999999998,8.786621499999999,0.96101621,0.22450448,0.015091133999999999,3.7191453,0.0071216452,3.5,7.0,0.0081097288,18711,0.072735783,6.830091400000001,0.057010755999999996,0.16229262,0.19175935,-0.19641616,0.38817551,0.33039178,0.0017929141,0.076533011,8.8075302,0.56454415,0.18332451,0.010487665,4.3700029,0.0022373281,2.75,9.5,0.0065985439,18711,0
0.11564881,0.26922046,0.36240191,-0.41432471,0.77672662,0.55593566,0.10902135,0.10640941,17.358089,12.247771,0.46227752,0.040789501,2.8333119,0.014492412,1.5,7.0,0.035995624,19531,0.13684826,20.634536999999998,0.10833069,0.27559718,0.40052933,-0.24713785,0.64766719,0.55329998,0.0042890645,0.18899217,12.550367999999999,0.43375095,0.45563177,0.036602534,3.1120234,0.011174036000000002,3.25,6.5,0.0084223159,19531,0
0.16037927,0.53979509,0.47693508,-0.51721131,0.9941464,0.78847437,0.078397438,0.32165362,24.441757,9.724897,1.5891328000000002,0.078209026,5.0797614,0.039460667000000005,5.25,8.0,0.022236262000000003,20780,0.20413199999999998,16.689106,0.16558894,0.48224151,0.63278487,-0.4077496,1.0405345,0.8072304,0.040794637,0.26101937,23.22472,1.8934273999999998,1.3543093000000002,0.08275336900000001,4.0914023,0.022649191000000003,4.5,7.25,0.020446778,20780,0
0.15775468,0.42331618,0.58736049,-0.52782273,1.1151832,0.76218787,0.061732515,0.21058497,21.265014,8.5932849,1.3982486,0.08585827800000001,4.0713855,0.031138963999999998,3.75,7.75,0.013046242,21217,0.16910931,17.498504999999998,0.13079293,0.37768988,0.64754714,-0.39789033,1.0454375,0.78793933,0.056133907999999996,0.30236683,24.062703,11.475787,1.0591163000000001,0.05656752,4.6807617,0.01454006,4.25,9.25,0.03133671,21217,0
0.086332819,0.19987319,0.24054285,-0.26531164,0.50585449,0.4260477,0.033794681,0.16043781,10.370389999999999,4.8800930000000005,0.28608542,0.021897967999999997,3.2661184,0.007854806899999999,2.75,7.25,0.014648615,21300,0.09376547,14.193499,0.07109351,0.14267853,0.26830733,-0.22941028,0.49771761,0.36741809,0.019503624,0.069088232,8.638517599999998,2.7130702,0.21799006,0.017178732,3.1723828999999997,0.006592909599999999,1.75,7.25,0.0087633585,21300,0
0.15477395,0.48208995,0.49224391,-0.4197477,0.91199161,0.75349804,0.031409643,0.37271754,16.605721,2.9351269,0.98490315,0.071462974,3.4455014999999998,0.021069512000000002,3.5,6.0,0.008900205100000001,23037,0.13268498,8.5323483,0.10761357,0.30591376,0.32752936,-0.28200524,0.6095345999999999,0.54713011,0.00056444268,0.0065003392,14.465136,1.6900287,0.55171235,0.035064281,3.933578,0.0099532512,3.25,7.0,0.01247419,23037,0
0.035617317,0.098202126,0.15071514,-0.089438655,0.2401538,0.18689529,0.0019920247,0.029929831,6.929288900000001,0.14428396,0.067956803,0.0037418862,4.5402772,0.00085833125,1.75,11.75,0.024592602999999998,26802,0.086678546,2.2245681,0.05905595,0.09963907300000001,0.17398422,-0.3539753,0.52795952,0.27438090000000004,0.019429935,0.059043403,7.5949048999999995,2.7343064999999998,0.12210598,0.015014052,2.033195,0.0076948418,1.0,7.0,0.011043408999999999,26802,0
0.082883854,0.21729468,0.26969756,-0.31549133,0.58518889,0.44311427,0.043913497,0.14325031,11.609602,4.5087294,0.26197588,0.021614869,3.0300423999999997,0.0083029388,2.0,6.75,0.026461925,27201,0.16229093,5.0029971,0.1294712,0.39211248,0.40145553,-0.51467654,0.91613207,0.57715836,0.037836308,0.20750055,12.70368,4.4589995,0.48508483,0.052615372,2.3048627,0.02271573,1.0,6.25,0.008237956,27201,0
0.11486707,0.36468811,0.66662581,-0.69956235,1.3661881999999999,0.76184561,0.064199041,0.11238174,19.802281,7.9213609,0.72617593,0.04672667,3.8852326,0.0091959828,2.0,7.5,0.029548486000000002,27218,0.027287644,-3.0462689999999997,0.015386888,0.08218428,0.12858561,-0.13044027,0.25902588,0.12359982,0.0010569235000000001,3.0660374000000004e-05,5.4043886,0.069955065,0.039380274,0.0014706544,6.6943451000000005,0.00025471505,3.75,15.25,0.019155126,27218,0
0.08135256,0.25185131,0.28414104,-0.28806936,0.5722104,0.40015477,0.054551033,0.018806043999999997,11.372287,5.901743,0.25245005,0.019168123999999998,3.2925765,0.0083886121,2.5,7.0,0.027166866,27222,0.10675375,35.297019,0.086086127,0.26397885,0.32045031,-0.19704426,0.51749457,0.44715863,0.0010472481,0.26380888,11.063561,1.1620253,0.28681332,0.020299856,3.5322088,0.008580089300000001,3.0,7.5,0.017970464,27222,0
0.090518471,0.23183734,0.397646,-0.23424252,0.63188852,0.47113764,0.081767299,0.36161269,15.982698999999998,9.7578315,0.41173365,0.026807057999999998,3.8397876,0.0089756434,2.0,7.5,0.040346562,28452,0.17052299,22.341044,0.14028556,0.49200956,0.4803338,-0.3011705,0.78150429,0.61099141,0.044912264,0.77436615,16.220525,5.154626400000001,0.74202216,0.057140684000000004,3.2464703999999998,0.030844722,2.75,5.75,0.014149345,28452,0
0.08483351800000001,0.24874577,0.28488281,-0.37509542,0.65997823,0.45754712,0.012839496,0.22763279,10.913971,2.160384,0.32835925,0.022898205,3.5849888999999995,0.010155642,1.75,7.0,0.010510447,29633,0.12899199,13.114997,0.09884584,0.26657395,0.33322334,-0.38757491,0.72079826,0.52952851,0.0012118164999999998,0.020639638999999998,11.214591,0.8188262,0.39277548,0.032933694,2.9815626,0.012681768999999999,1.5,6.25,0.0053274066,29633,0
0.084584109,0.22161419,0.35768606,-0.20513969,0.56282575,0.40900861,0.044638662,0.010387144000000001,10.112743,6.3178805,0.25731764,0.023750344,2.7085675,0.0126349,1.5,6.0,0.017832838,31660,0.18045884,21.002654,0.14476037,0.43427531,0.47351684,-0.32491032,0.79842716,0.69042509,0.0027338315,0.1779596,9.3630229,2.815757,0.5490527,0.064247914,2.1364612000000003,0.043757287,2.75,3.5,0.0033557033000000003,31660,0
0.23298158,0.73958625,0.62161692,-0.62977862,1.2513954999999999,0.93300807,0.04410991400000001,0.3580123,16.015139,6.757591099999999,1.3200236,0.148787,2.2179752999999995,0.17388438,2.0,4.0,0.0048382671,31775,0.2221404,32.386006,0.17008262,0.44485719,0.70112025,-0.50703671,1.208157,0.95194758,0.069641661,0.14029031,18.925631,8.4493576,1.0537876,0.096557222,2.7284019,0.039369325,1.75,5.75,0.011222373,31775,0
0.05303738,0.16827891,0.23815602,-0.14198653,0.38014255,0.2741639,0.0059301593000000005,0.032372516000000004,7.992472200000001,0.24601719,0.13720286,0.0093003274,3.6881190000000004,0.0033995190999999998,1.75,8.25,0.01752426,31811,0.091297259,14.462473999999998,0.07196858,0.22183785,0.23853048,-0.17254399,0.41107447,0.3586962,0.025215965,0.23878995,10.126769,2.0716133,0.24158032,0.016244207,3.7179459,0.0065306697,3.25,7.25,0.020909997,31811,0
0.067007135,0.21324371,0.1962499,-0.21269627,0.40894617,0.33486755,0.022477526,0.15458704,13.53094,3.3693976,0.29790111,0.012868206,5.7875414,0.0036500802,4.75,11.5,0.034745374,34318,0.07553259400000001,10.629714,0.059533018,0.16395068,0.24866917,-0.17428012,0.42294928,0.36564363,0.00019655817,0.11212511,11.903314,0.71933742,0.26300685,0.01118436,5.878898,0.0020574777,5.25,11.5,0.0040530171,34318,0
0.028623028,0.086348255,0.10344300000000001,-0.076226741,0.17966975,0.13632177,0.0029805661,0.046005835999999994,4.5931068,0.65033086,0.043232297,0.0024008339,4.5018002,0.0010371294,4.5,11.0,0.01703965,34383,0.033870192,2.5318567,0.026808271,0.07650767900000001,0.08876925699999999,-0.085072194,0.17384145,0.14956996,0.0016924176,0.049831195999999994,4.8446746,0.47837463,0.044938467,0.0022814629,4.9243038,0.0012734379,4.5,10.75,0.021944428,34383,0
0.10120903,0.32337955,0.38366118,-0.33769799,0.72135917,0.4710576,0.016512025,0.22688185,8.8900961,1.6336073999999998,0.32858667,0.030944392,2.6546543999999996,0.0184653,3.0,5.25,0.006704825699999999,35964,0.060512792999999995,20.868968,0.048015327000000003,0.14478733,0.16901951,-0.15372441,0.32274393,0.25915711,0.00013756075000000002,0.050443697999999995,6.9309435,0.58850573,0.11917812,0.0064525668,4.6174695,0.0016641131,3.75,8.75,0.006679650600000001,35964,0
0.10053322,0.30976286,0.40283589,-0.37581986,0.77865575,0.58537221,0.00012160017,0.21735919,14.795742,1.3594979,0.63987077,0.034168927,4.6816716,0.012710228,4.25,8.25,0.0085213961,36023,0.19885824,10.482426,0.15350337,0.46926540000000005,0.7719438,-0.53889438,1.3108382,0.82302458,0.060602092999999996,0.42662744,21.735864000000003,7.878281299999999,1.4674631,0.078844495,4.6530298,0.038956496,4.75,7.25,0.013533867,36023,0
0.053995048,0.15268686,0.1477467,-0.14037751,0.28812421,0.22451046,0.006064950600000001,0.090103573,7.735231,0.5103616,0.12249406,0.0077841799,3.9340707999999998,0.0024894075,3.75,10.0,0.014874119,36806,0.065906637,18.153045000000002,0.049989932,0.13350474,0.2480949,-0.12271993,0.37081483,0.28351492,0.010968458,0.14303998,7.9497076,1.7374051,0.134269,0.0080276751,4.1814411,0.0020025779,3.5,9.5,0.014645337,36806,0
0.14172455,0.43407662,0.48831804,-0.59939382,1.0877119,0.71858977,0.033737348,0.53802538,19.530011,3.8537584000000003,1.2787303,0.062832796,5.08783,0.027190521000000002,5.5,6.75,0.011141812,38110,0.18256877,17.675166,0.14308601,0.43838058,0.49439435,-0.44439166,0.93878602,0.78226628,0.023556379,0.023237842999999998,20.030948000000002,3.0009505,1.3439577,0.066031495,5.0883209,0.026154681000000003,5.0,7.5,0.010001509,38110,0
0.09535731,0.25085953,0.25408531,-0.41644547,0.67053078,0.50157865,0.039693142,0.42193246,13.186596,4.204771900000001,0.45780624,0.029560107999999998,3.8718248,0.012826497,3.5,7.0,0.019722614,38700,0.10181626,13.751152,0.081246221,0.21700723,0.28342773,-0.24401472,0.52744246,0.42273368,0.035666397999999995,0.0050860359999999995,12.961003999999999,2.3911438,0.32679396,0.020336364,4.0173596,0.0052098993,3.75,7.0,0.031612112000000005,38700,0
0.16218095,0.50178222,0.48121549,-0.44225952,0.92347501,0.79644641,0.0092134744,0.75503457,14.518384,1.0193749,0.84476551,0.079507338,2.6562501,0.033383377,2.0,5.5,0.0041214899,39200,0.25137579,12.694227,0.2106114,0.60209036,0.548675,-0.56003336,1.1087083999999998,0.87624674,0.010194295,1.0528541999999999,15.35251,1.8195561999999998,1.1895915000000001,0.12605686,2.359236,0.10043707,1.75,5.25,0.0021183314000000003,39200,0
0.07232481,0.20007714,0.29737181,-0.20899717,0.50636898,0.33894951,0.035878167999999995,0.015871971000000002,9.1706212,4.2807226,0.20263135,0.01641017,3.0869781,0.0056037112,2.0,6.0,0.017702817,39540,0.10324480000000001,17.916961999999998,0.083169513,0.23681545,0.24853176,-0.20175933,0.45029108,0.41417714,0.005566053100000001,0.11524271,8.388239500000001,0.86214858,0.25032395,0.02067539,3.0268347,0.016129425,2.5,6.25,0.0098086339,39540,0
0.1762941,0.53972745,0.55537235,-0.60497344,1.1603458,0.9512456,0.086499912,1.3465603000000002,24.414188,10.426711,1.6939631000000002,0.10021479,4.225831299999999,0.03208669,4.5,7.5,0.018059979,39828,0.15746308,14.415904999999999,0.12449849,0.3411296,0.45592276,-0.44584757,0.90177032,0.66236141,0.0018696555,0.3027627,23.741493,5.4267715999999995,0.97387212,0.049167296,4.9518287,0.016520195,4.25,9.25,0.037202825,39828,0
0.13412035,0.38194432,0.58118772,-0.49862313,1.0798108,0.81102564,0.047074498,0.038810054,20.028659,5.5876135,1.0369795,0.060395439,4.292458,0.029202406,3.5,7.75,0.017387852,40496,0.15163282,19.077567000000002,0.12470883,0.33038286,0.32336607,-0.38110708,0.70447315,0.56799114,0.018737788999999998,0.06614249900000001,18.206849,4.0456538,0.87025557,0.04525640400000001,4.8073614000000005,0.010529936,4.0,9.25,0.0058398216000000005,40496,0
0.081847099,0.25553088,0.28439828,-0.23639780000000002,0.52079608,0.40062185,0.00280467,0.076357222,8.7797744,0.48126543,0.27892677,0.019710586999999998,3.5377787000000005,0.010021024,2.5,5.75,0.0080383086,41228,0.080395125,18.572576,0.06493409900000001,0.18402792,0.20523659,-0.22810278,0.43333937,0.32050249,0.032609611000000004,0.15550849,9.291657199999998,3.1601877999999997,0.18698138,0.012225973000000001,3.823446,0.0040854532,2.25,7.0,0.025103802,41228,0
0.13400187,0.4520956,0.43937948,-0.39022019,0.82959967,0.64988821,0.029288434,0.28693169,12.047708,3.0607229,0.65205868,0.053664797,3.0376463,0.031138437,3.0,6.0,0.006015335,41863,0.14642949,18.581339,0.11888787,0.4053887,0.38736602,-0.39130115,0.77866717,0.61583685,0.022692452000000002,0.28649993,11.776553999999999,3.4403623,0.54968232,0.042189400999999994,3.2572299,0.034254116,2.25,6.25,0.0063841921999999995,41863,0
0.06457061,0.22830501,0.19589083,-0.25501214,0.45090297,0.31878614,0.0028635816,0.040654586,7.137259599999999,0.45244489,0.17058318,0.0127822,3.3363422999999996,0.009315625899999999,3.0,6.0,0.0080476413,42382,0.08732316400000001,19.963424,0.06844592599999999,0.18800628,0.20980568,-0.23676408,0.44656976,0.36424431,0.0089542584,0.092365995,8.1834308,1.0891648999999999,0.21122669,0.014452761000000001,3.6537428,0.0073166656,3.25,6.25,0.0094202638,42382,0
0.10706484,0.28811304,0.280464,-0.33895076,0.61941476,0.52421017,0.0079507143,0.09031598699999999,14.159576000000001,1.6570591000000001,0.61377861,0.033853018,4.5326727,0.019823982,3.75,8.5,0.0061033669,42660,0.15164824,11.109861,0.12156225,0.38023458,0.47912281,-0.36566473,0.84478754,0.62375335,0.042379012,0.40622933,15.765702,3.4136684,0.7842021,0.04572363,4.2877288,0.016878248999999998,3.75,6.75,0.015259948999999998,42660,0
0.066651813,0.15322425,0.20768620000000002,-0.19541368,0.40309989,0.33503618,0.029434283,0.18876967,9.0858,3.7376161,0.16429724,0.012728099,3.2270577,0.0035332363,1.25,8.0,0.021945542999999998,42839,0.072738806,18.892310000000002,0.056431247000000004,0.16633873,0.17657015,-0.21718368,0.39375383,0.31987259,0.0045766391,0.02905492,8.3474974,0.84833377,0.15494901,0.0098675963,3.925703,0.0023003921,3.25,8.5,0.013982979,42839,0
0.16110649,0.57736008,0.48349351,-0.51357058,0.99706409,0.77349469,0.026244756,0.24024443,13.804367000000001,3.5852845999999996,0.90779871,0.078329219,2.8973821,0.037929437999999996,2.0,5.75,0.004063833,43494,0.20309071,6.721322099999999,0.15875156,0.54502085,0.44592999,-0.59808809,1.0440181,0.8005866,0.044610917,0.044110032,14.546325,3.8090648000000003,0.91888217,0.082378694,2.7885917,0.043424946,2.75,5.0,0.0079725927,43494,0
0.07896941099999999,0.23239219,0.26701667,-0.17075115,0.43776782,0.38515108,0.011404602,0.23316109,7.8448781,1.4338565,0.19968443,0.01812923,2.7536254000000002,0.0080770372,1.25,5.75,0.0079349423,45262,0.089919893,23.548871,0.069956113,0.22242675,0.30396048,-0.16564119,0.46960168,0.34411265,0.015923016,0.15763602,8.4462436,2.2595353,0.19223996,0.015060695,3.1910871,0.0089852986,2.5,7.25,0.010292997,45262,0
0.17666672,0.49697820000000004,0.48401993,-0.61352155,1.0975415000000002,0.90513206,0.037997426,0.60201508,20.812331,3.242423,1.5365319,0.09924789099999999,3.8704396,0.03319983,4.0,6.25,0.00907356,46287,0.16084364,10.401988000000001,0.12768769,0.36085598,0.49644577,-0.36858344,0.86502921,0.71145911,0.037883158,0.11635593,18.120027,4.638284400000001,0.83798149,0.051512639000000006,4.066873200000001,0.017482051999999998,4.25,7.75,0.016942956999999998,46287,0
0.09834762300000001,0.2806847,0.24093441,-0.47352745,0.71446186,0.50695075,0.019983416,0.053433827999999996,9.895675599999999,3.4410351,0.34444637,0.032900585,2.6173271000000002,0.012370325,1.75,7.0,0.0048564247,46797,0.15465918,2.9510815,0.11828145,0.32458461,0.47910501,-0.43962629999999997,0.91873132,0.64621948,0.01505903,0.21463407,12.582999000000001,1.9926013999999999,0.61946133,0.047819256,3.2385558999999997,0.015060653,3.0,5.75,0.006424985,46797,0
0.047017723,0.11746032,0.15459636,-0.11524356,0.26983992,0.23413872,0.0021058604,0.10891455,6.1726055,1.3699063,0.090935427,0.006331844200000001,3.5904006,0.0018762196,2.25,8.5,0.010060509,47700,0.060335889000000004,12.533591,0.04754809,0.11990377,0.17269864,-0.11408487,0.28678352,0.24753394,0.0050167962,0.028517306,6.6618421,0.66718799,0.10523426,0.0069659706,3.7767263999999994,0.0027946995,2.75,7.25,0.018138381000000002,47700,0
0.13845959,0.40932097,0.42492868,-0.45418294,0.87911162,0.72859448,0.028818996,0.08894043800000001,15.696581,4.7871934000000005,0.79256111,0.059808037,3.3129372999999998,0.024818216,2.5,7.25,0.0083933025,48399,0.21340091,8.1548676,0.16949133,0.4485355,0.48606841,-0.60082307,1.0868915000000001,0.77139156,0.031985358,0.33210646,15.603619,3.6440212999999995,1.0746491000000002,0.090937685,2.9543559,0.042158914000000006,2.0,6.0,0.0055197616,48399,0
0.15630684,0.45225956,0.44634784,-0.41189213,0.85823997,0.7126523,0.09081910300000001,0.73945271,19.256691,11.040419,0.96720594,0.069187235,3.4948858,0.026663527000000003,2.75,6.75,0.019515893,50380,0.17493368,19.256002,0.13586203,0.41666852,0.46672062,-0.50152818,0.96824881,0.73446206,0.046313336,0.17741210000000002,17.918588,7.9406533999999995,0.81660341,0.06045024400000001,3.3771717000000003,0.019919634,3.0,6.5,0.016599182,50380,0
0.085689327,0.24904195,0.36480224,-0.22681835,0.59162059,0.41528998,0.031345887,0.17586338,11.434908,3.6098697,0.33201798,0.022026427,3.7684047999999994,0.0083617616,3.75,7.25,0.016546995,51043,0.12795406,15.031951000000001,0.098154141,0.29285172,0.46569008,-0.33322945,0.79891953,0.5512243,0.023192317,0.13168713,12.348562,2.3717966,0.45019549,0.032285725,3.4860258,0.011398891999999999,2.5,6.75,0.013214709,51043,0
0.07935274,0.22479525,0.27172739,-0.24885543,0.52058282,0.40837588,0.0044554203,0.14863445,8.0824789,0.6879843000000001,0.23116857,0.019347628999999998,2.9870400000000004,0.0076469466,1.75,6.0,0.0045818418,51455,0.13029594,10.466449,0.10220988,0.27207993,0.31143141,-0.43888665,0.75031806,0.56380322,0.031173338,0.019959935,11.511657000000001,5.176924099999999,0.35834906,0.033729897,2.6560194999999998,0.01969323,1.75,5.75,0.01133424,51455,0
0.13773856,0.42157603,0.47460309,-0.58994331,1.0645464,0.72099764,0.041932766,0.33721039,18.386561999999998,6.1869681,1.1270767,0.062285941,4.5238004,0.030321526,4.5,6.75,0.012790738999999999,52200,0.15669484,12.766007,0.1263299,0.38960996,0.45691990000000005,-0.38051817,0.83743807,0.647165,0.0014275601999999999,0.14938692,18.019605,2.063511,0.91322403,0.048779873,4.680332099999999,0.015851835,4.75,8.5,0.0095994697,52200,0
0.04958675,0.17558364,0.16249612,-0.075835623,0.23833175,0.21810578,0.02608471,0.09479001699999999,7.504141199999999,2.9775014,0.10849842,0.0070884999,3.8265648999999997,0.0026228252,3.25,8.75,0.026834477000000002,53510,0.059835353,8.485923399999999,0.047618534000000004,0.19535613,0.18636089,-0.082486274,0.26884716,0.24710499,0.017137887,0.16512154,7.6987585,1.7329727,0.11457780000000001,0.007013737700000001,4.084049299999999,0.00283089,2.5,9.25,0.023193812999999997,53510,0
0.069730421,0.18268928,0.23339186,-0.18305129,0.41644315,0.34201661,0.0010085839999999999,0.20660612,7.2211965,0.89241714,0.1565366,0.014721093999999999,2.6583723999999997,0.0069394801,1.75,6.0,0.005643020699999999,53558,0.11000526,18.00374,0.089327592,0.22420139,0.28082611,-0.27709079999999997,0.55791691,0.38880677,0.0024055539000000003,0.08583891199999999,6.9750409,0.037476819,0.20685678,0.023553848999999998,2.195573,0.015775507,1.5,4.25,0.0042099610999999995,53558,0
0.10984513,0.32650529,0.39482166,-0.25550986,0.65033152,0.5836017,0.05727002900000001,0.12755244,14.017048,6.3400006,0.55654669,0.037047182000000005,3.7556614,0.01462028,4.0,7.0,0.017502059,54561,0.092756823,17.491819,0.073593647,0.21434326,0.26047411,-0.23738556,0.49785967,0.40241287,0.0062390941,0.010297708000000001,11.500681,2.2827161,0.26511496,0.016593966,3.9941470000000003,0.0050574936,3.75,8.0,0.024325819,54561,0
0.17750966,0.52254545,0.46570416,-0.57498761,1.0406918,0.85462163,0.057116613,0.17514904,18.028198,6.9989641,1.1812156999999999,0.097778085,3.0201444,0.047144149,2.25,5.75,0.010093906,54796,0.29172633,-10.782295,0.23799054,0.78355151,0.59296847,-0.77583795,1.3688063999999998,1.1083353999999999,0.12690818,1.0510975,24.261923,15.710702,1.8861206999999998,0.16984969,2.7761616,0.08833865099999999,2.0,5.0,0.01205782,54796,0
0.13675514,0.39788442,0.43136789,-0.50780223,0.93917012,0.76724823,0.069316452,0.19269296,27.522503000000004,6.913157099999999,1.5170128,0.057381785,6.6092960000000005,0.01415859,6.75,10.5,0.031327914,55676,0.16401149,5.5224349,0.13554127,0.41664929,0.38089969,-0.38280485,0.76370454,0.6845353,0.048554824,0.033643799,25.747618,4.8235198,1.3881398999999999,0.05371208400000001,6.4610224999999994,0.012552118999999999,7.0,9.75,0.02847647,55676,0
0.037152717,0.10684933,0.11057852,-0.12744674,0.23802526,0.1919405,0.019156646,0.018763534,5.3200227,2.3522887999999997,0.058809388,0.0044560641,3.2994019999999997,0.0016926547,1.75,6.5,0.023461074,58338,0.06977874,2.0236233,0.055783744,0.1296611,0.15249736,-0.20428451,0.35678187,0.26278485,0.010822027,0.061743237,5.624533400000001,1.6605691000000002,0.09453137199999999,0.0097293529,2.4290252,0.0049766911,1.5,5.75,0.0065096065,58338,0
0.027099291,0.071925557,0.095466199,-0.07022052200000001,0.16568672,0.14501027,0.012268235,0.0086935363,5.5469514,1.8644663000000001,0.044399715,0.0020697321,5.362978599999999,0.00032521916000000003,2.5,13.25,0.033331762,58409,0.049139265,11.016267,0.036047111,0.09020379,0.12314449999999999,-0.21074241,0.33388691,0.20580549999999997,0.0032408529999999997,0.044622474,5.8103400999999995,0.88160222,0.061591766,0.0045865359999999996,3.3572050000000004,0.0017948114000000002,1.25,9.25,0.017974136,58409,0
0.054498371,0.15820417,0.16504308,-0.1790838,0.34412688,0.2738815,0.021134302,0.070147559,8.6354536,2.7996191,0.15769360000000002,0.008859407199999999,4.4498913,0.0043036003,3.75,9.5,0.023107503999999997,59013,0.06694531,-9.9357802,0.053797893,0.14920917,0.12533283,-0.23124141,0.35657423,0.26816167,0.017213797,0.06988264400000001,9.708536,1.7604104999999999,0.16768245,0.0087626796,4.7839947,0.0018284705,3.75,10.5,0.029102901,59013,0
0.09072683,0.25433365,0.2856027,-0.38024814,0.66585084,0.48726891,0.04658951099999999,0.13484353,12.798347,4.9740753,0.36408069,0.028858197000000002,3.1540492,0.0081827953,2.25,6.25,0.021313567000000002,60316,0.10212306,4.5058559,0.081264598,0.28140154,0.23837382,-0.28955284,0.52792665,0.40044420000000003,0.0039909527000000005,0.16702809,8.4043746,0.87225928,0.26275872,0.020817504,3.1555022,0.0074599501,3.25,5.75,0.0047216301,60316,0
0.090335199,0.29142270000000003,0.26191128,-0.25932398,0.52123526,0.4625138,0.033942685,0.18973347,17.306323000000003,2.6644944,0.58676674,0.024597355,5.963717900000001,0.005122692,4.5,10.0,0.03169509,61487,0.14104202,7.466992299999999,0.10863893,0.3195125,0.39495862,-0.34011068,0.7350693,0.63126411,0.011210676999999999,0.21379653,17.650044,0.54808867,0.83625862,0.03967169,5.269870200000001,0.013027076,6.75,8.75,0.014124875,61487,0
0.15034184,0.46198723,0.51254445,-0.50951947,1.0220639,0.76120753,0.071836718,0.20448862,21.923145,8.6275661,1.231942,0.070501483,4.3684969,0.027701198,3.75,8.5,0.018441183,62206,0.25261658,2.2902992,0.1993564,0.6029087,0.58607399,-0.76371151,1.3497854999999999,1.0794186000000001,0.033560017000000004,1.1457451,23.424346,6.2304747,1.9256715,0.12761584,3.7723989999999996,0.050312657999999996,3.25,6.5,0.0078289174,62206,0
0.096761191,0.28450972,0.35718101,-0.28448784,0.64166885,0.44561231,0.094278446,0.00016848430000000002,14.310754000000001,10.198146000000001,0.31873432,0.026855366000000002,2.9671381,0.016164038999999998,2.0,7.75,0.036734908,63419,0.0899597,13.993316,0.065953876,0.15565837,0.28580399,-0.28841027,0.57421427,0.35158266,0.065319969,0.047286869,11.724705,6.6560337,0.21393298,0.015753056,3.3951027999999996,0.006111361700000001,2.0,8.0,0.036579677000000005,63419,0
0.083219574,0.24305787,0.3276534,-0.20212118,0.52977458,0.40860681,0.0038780272999999997,0.31875601,10.324464,0.83310766,0.29896299,0.021444461,3.4853171,0.0068965282999999995,2.75,6.5,0.006886285600000001,64010,0.08770575300000001,6.0874251,0.071947386,0.20793183,0.2148397,-0.17312153,0.38796123,0.35352843,0.027818736,0.25798582,9.3845513,3.3752847999999998,0.25879251,0.015304015,4.2275263,0.019188748999999998,4.5,8.75,0.017416807,64010,0
0.035174599,0.10020060000000001,0.10374089999999998,-0.09834916199999999,0.20209006,0.17709737,0.014086025,0.0070229409999999996,5.579632599999999,1.7674957999999998,0.050179493,0.0036138715000000004,3.4713114000000003,0.001186064,1.5,9.75,0.026255567,64175,0.053913564000000004,1.5533723,0.042364766,0.13355864,0.20539772,-0.12998235,0.33538007,0.20061467,0.0226638,0.071195485,6.1723726999999995,2.5918678,0.079101693,0.0058042028,3.4070869,0.0013998439,2.75,6.75,0.023581342,64175,0
0.17070885,0.53090233,0.49508509999999994,-0.72892289,1.224008,0.76899151,0.093591492,0.31624911,18.123197,11.038250999999999,0.99204344,0.090480895,2.7410301,0.045697619,2.25,5.5,0.014037618,65047,0.17631447,5.980154799999999,0.13518921,0.39631801,0.56791733,-0.54559802,1.1135153,0.71456662,0.036580652000000005,0.22150423,11.930095,4.4106651,0.73082709,0.062089162,2.9426516,0.033412201,3.5,4.75,0.0053619849,65047,0
0.16755456,0.5480554,0.74458093,-0.48825386,1.2328348,0.87943837,0.033216712,0.35309438,23.132384,5.3239947999999995,1.9144038,0.090623475,5.2812028,0.08304338900000001,5.0,8.25,0.009598350799999999,65625,0.1754052,24.87227,0.14162119,0.47374262,0.56748438,-0.45282856,1.0203129000000002,0.8140339,0.064328333,0.64434151,24.724731,7.597921,1.2324313999999998,0.060263282,5.1126961,0.015026133,5.0,9.75,0.026250635,65625,0
0.17578903,0.47649026,0.57639656,-0.49603723,1.0724338,0.96833694,0.07967906599999999,0.61990567,24.625566,9.3528418,1.6961564999999998,0.10007904,4.2370425,0.029616917000000003,4.25,7.25,0.01531632,66385,0.22206021,3.7263521,0.17506752,0.57224333,0.45343952,-0.73029904,1.1837386,0.8776606,0.035453522,0.64608858,22.406871,3.2708267,1.5393773000000002,0.09857898400000001,3.9039184999999996,0.035013727,2.5,6.5,0.011357899,66385,0
0.21684784,0.7342738,0.52671409,-0.63591208,1.1626261999999998,0.97153435,0.11814258,0.22413054,24.154312,13.377417999999999,1.7689186000000001,0.14070589,3.1429361,0.14475655,2.75,5.0,0.016002434,66530,0.20805296,11.983499,0.16404776,0.50458787,0.86389647,-0.36745351,1.23135,0.79795793,0.067342394,0.22529405,19.253392,8.6191749,1.163373,0.086250118,3.372091,0.037598418,3.75,7.0,0.012483188999999999,66530,0
0.13512461,0.42190705,0.39958861,-0.52030644,0.91989505,0.68171345,0.037122413,0.24863992,18.974021,5.2677264,0.96842699,0.055543992,4.3588287,0.017976851999999998,4.0,8.25,0.012858837,66590,0.16926839999999999,4.9028423,0.13403514,0.40174148,0.38952786,-0.50167836,0.89120622,0.71589323,0.039294461,0.21278282,19.211217,4.4645447,0.90767084,0.057239572999999995,3.9643501000000003,0.024325002000000002,3.5,7.75,0.018835216999999998,66590,0
0.032754904,0.10482063,0.10235868,-0.10949949,0.21185816,0.19029845,0.018548478,0.090398929,7.4078181,1.8309326000000001,0.073442986,0.0032259339,5.6916066,0.00053860498,7.75,12.0,0.0598543,68493,0.037608317,4.3698797,0.029145336,0.085003841,0.08884250199999999,-0.13173253,0.22057504,0.18578862,0.013493945,0.014817106000000002,6.5712599,2.2126162999999996,0.063749838,0.0027887869,5.714835900000001,0.00071081259,1.25,13.25,0.042509602,68493,0
0.10127243,0.33700873,0.2320368,-0.27515591,0.50719272,0.42986036,0.0020225704,0.03761995,8.2396765,0.61106709,0.29294539,0.02803691,2.6121404,0.016894683,2.0,5.25,0.0038260325,69902,0.11216914,6.5060208,0.089548142,0.27862536,0.26187886,-0.30560961,0.56748847,0.4458785,0.030049146000000002,0.061055535999999994,9.670925800000001,3.2567809,0.29440544,0.025070571,2.9357672000000004,0.0082937588,1.5,5.5,0.012376355,69902,0
0.10790409,0.34243376,0.38626937,-0.34907852,0.73534789,0.58487092,0.0079143227,0.087932806,14.384715,2.4503798,0.62571421,0.034558517999999996,4.5264833,0.0096526809,4.25,7.5,0.0077680018,70483,0.14875672,16.909343,0.11680901,0.34369951,0.45905528,-0.44742077,0.90647605,0.69121256,0.041286491,0.44299176,17.796639000000003,4.824353299999999,0.78886722,0.043671542,4.5159113,0.011499373,4.5,7.5,0.018316962,70483,0
0.11578088,0.33689273,0.32293808,-0.30779873,0.63073681,0.52570644,0.07328438400000001,0.14777507,14.317599,9.0753665,0.42129449,0.036423923999999996,2.8916056,0.015836536000000002,1.75,6.5,0.023226869,71047,0.14861452,24.515707,0.11623279,0.3172042,0.42098517,-0.38810100000000003,0.80908617,0.62244993,0.0079382216,0.34050123,10.852698,2.3678684,0.46843909999999994,0.04297017,2.7253738,0.023090732000000003,1.75,6.0,0.0050608164,71047,0
0.12289449,0.38871375,0.37783996,-0.32745243,0.70529239,0.60149655,0.0038805572,0.39377140000000005,11.301969,1.797873,0.62658675,0.045863064,3.4155303,0.027602944,3.25,5.75,0.0030529725,72816,0.11264835,14.432882000000001,0.090009116,0.23513112,0.30520903,-0.28933602,0.59454505,0.45493714,0.006302785799999999,0.16191558,11.869091000000001,1.2840625,0.3686979,0.0249625,3.6925178,0.0075610378,2.25,7.5,0.0097915068,72816,0
0.049894500999999994,0.11004814,0.19474478,-0.16962981,0.36437459,0.27182875,0.00067760287,0.0049780325,6.3334616,0.44512827,0.10915244,0.008037700600000001,3.3950144,0.0022458672,2.25,8.0,0.0045619972,73548,0.057709809,11.625401,0.047030367000000003,0.10148033,0.14346515,-0.12131846,0.26478361,0.21727559999999999,0.007697196999999999,0.026915789,6.6152932,1.0274072,0.09500075300000001,0.0063899397,3.7168095,0.001956489,1.5,7.75,0.015327636,73548,0
0.11775169,0.33696944,0.45162523,-0.42346046,0.87508569,0.65326196,0.08622365300000001,0.21680329999999998,22.337246,8.0273838,0.85672189,0.044569593,4.805529,0.010537825,5.0,9.0,0.042695158,73646,0.19500135,10.778949,0.15419807,0.48216491,0.50178714,-0.44688126,0.9486684000000001,0.87001801,0.014603256,0.36782099,21.491547,3.4196714999999998,1.3293609,0.07581824599999999,4.3833806,0.019830082,2.5,8.5,0.007817770600000001,73646,0
0.05913203,0.16205306,0.18242631,-0.18476449,0.3671908,0.29363299,0.036050449,0.09731781099999999,10.020016,4.4145064000000005,0.21125602,0.010736523000000001,4.9190977,0.0028064007,4.75,8.5,0.029039411,74847,0.078635299,10.777422,0.062689964,0.17102403,0.21736066,-0.2449498,0.46231046,0.35095596,0.0052369121,0.039658425,9.2290987,2.1254923,0.20325057,0.012134336,4.1875091,0.0035397371000000003,3.25,8.0,0.016711168000000002,74847,0
0.09759449,0.30706679,0.30898982,-0.30114411,0.61013393,0.51527557,0.0095014416,0.17325428,12.42613,1.3729991000000001,0.44354948,0.028815636000000002,3.8481666,0.012299516000000002,3.25,7.25,0.011764658999999998,75269,0.1329805,16.052229999999998,0.10559194,0.30955057,0.39215893,-0.30392462,0.69608354,0.55997753,0.0032594561,0.04628097900000001,12.629605999999999,1.2603753,0.5663813,0.034852153999999996,4.0627424,0.015135461000000001,3.0,7.0,0.0054848034,75269,0
0.074862734,0.17863376,0.18560291,-0.31792982,0.50353274,0.37884753,0.015999273999999997,0.09627134,9.2390924,2.0932895,0.20914638,0.017340859,3.0152252,0.0079763608,1.25,8.0,0.010475754,77462,0.09639347300000001,5.9209494000000005,0.07549895,0.18580499,0.26511284,-0.24136315,0.50647599,0.38306005,0.00021675449,0.070742823,8.9765226,1.0039957,0.2009248,0.01851308,2.7132817000000005,0.010697648,1.25,7.0,0.008145724200000001,77462,0
0.14702061,0.40879192,0.38913202,-0.45552812,0.84466014,0.73992231,0.0013541693,0.24242427,11.415631,0.87601606,0.76062348,0.06717935400000001,2.8305701,0.059619295999999995,3.25,4.75,0.0020123694,78382,0.2658009,-1.7761631999999998,0.21605602,0.68312295,0.59615335,-0.54098771,1.1371411,1.0344594999999999,0.062366012,0.21513718,16.496209,7.6564033,1.5206486000000001,0.14126436,2.6911397999999997,0.15783105,2.5,3.25,0.0057988697,78382,0
0.034160714,0.098892274,0.14981563,-0.14207115,0.29188678,0.21492078,0.0027486415,0.03786982,5.5737917,0.31367782,0.07081306700000001,0.0038446584999999997,4.6046396,0.0012929408999999999,5.5,9.5,0.010529086000000002,79371,0.037662922,2.4134525,0.027802109,0.08574967900000001,0.08799602,-0.17089415,0.25889017,0.17025802,0.0025112482000000003,0.005379698100000001,4.937199,0.38371422,0.046413972000000005,0.0028252989000000003,4.1069966,0.0009001412300000001,1.25,10.0,0.013322451,79371,0
0.054356907999999995,0.16563085,0.18035611,-0.18305174,0.36340785,0.2768933,0.0093889932,0.08731565699999999,7.642137400000001,0.87427814,0.13878993,0.00956312,3.6282597,0.0037642065999999997,3.0,7.5,0.014845721000000001,80539,0.08042184599999999,1.2871216,0.06350104,0.18428524,0.24607042,-0.20484541,0.45091583,0.35412992,0.013997505,0.16900775,8.007738,1.5768795,0.18117787,0.012930298,3.5029718,0.0037999526000000003,2.75,7.5,0.011031677,80539,0
0.19082035,0.576133,0.56643024,-0.85854483,1.4249751,1.0950966,0.099883054,0.72799951,25.828529999999997,8.9646291,1.8961226000000002,0.12185315,3.8901797999999994,0.043117076,3.0,5.75,0.018529694,80623,0.22828036,-6.3678472,0.17888417,0.59975382,0.72167259,-0.58188492,1.3035575000000001,0.98291873,0.066465285,0.29198537,23.456718,4.306178599999999,1.6914798999999998,0.10408133,4.0628803,0.053757186,4.25,7.25,0.016343253999999998,80623,0
0.14606678,0.43602935,0.59002047,-0.39710676,0.98712722,0.72364705,0.012420713,0.017473008999999998,19.456391,2.3557662999999995,1.1973118999999999,0.067833697,4.412673799999999,0.033335385,3.75,7.75,0.0087353165,82116,0.19419325,-4.9599142,0.15411867,0.48010198,0.47898117,-0.56147184,1.040453,0.8256609,0.0032498834999999996,0.34406092,19.942748,1.6159297,1.3039739,0.075372123,4.3251199,0.034138529,3.75,6.5,0.0098764583,82116,0
0.12875216,0.43883961,0.29414813,-0.38771861,0.68186673,0.57498029,0.041670492,0.41369542,14.365207,5.656944599999999,0.61052628,0.047542612000000005,3.2104161,0.021138382999999997,3.25,5.5,0.013958914,84535,0.13772159,0.66855845,0.10837203,0.30465247,0.42776513,-0.40838189,0.83614703,0.58049089,0.043034723,0.13283387,15.983851999999999,7.803985400000001,0.55610714,0.037924498,3.6658834000000002,0.017519674,3.25,7.75,0.022227528,84535,0
0.14633385,0.43726308,0.44274877,-0.47851562,0.92126439,0.78697,0.0075884775,0.10927316,20.823597,1.6659436,1.3926684,0.063436966,5.4883945,0.037533497,5.5,8.25,0.0078887437,85709,0.15923428,14.248682,0.12282252,0.34888219,0.53216904,-0.44832086,0.98048991,0.71598183,0.033740711,0.26220203,21.883758,2.9981492999999997,1.0876976999999999,0.050291598,5.4069555000000005,0.012458425,5.75,10.25,0.018585355,85709,0
0.18564795,0.60755987,0.54415212,-0.6701712,1.2143233,0.99751868,0.01913737,0.85128196,23.230744,1.2397252,2.1663567,0.10773545,5.0270283,0.08736107,5.25,7.0,0.0075042302,87559,0.20320866,16.394536,0.16273213,0.50880503,0.54834284,-0.46267124,1.0110141,0.8587495,0.10107004,0.82099444,25.613267999999998,12.027344,1.7074096,0.081960169,5.208046700000001,0.034782392,4.75,7.0,0.024668922000000003,87559,0
0.14524221,0.44444346,0.45677169,-0.50101859,0.95779029,0.75687607,0.048552508,0.09150999,20.058909,4.5279192,1.1864378,0.067171367,4.4157125,0.026713034,3.25,7.25,0.014022023,87666,0.18567133,2.9917841,0.14903292,0.46156112,0.46690453,-0.52827615,0.99518068,0.76767389,0.00050981798,0.73821342,17.086371,0.35095531,1.2441678999999999,0.068929665,4.5124546,0.051142383,4.25,6.25,0.0040285411,87666,0
0.18401362,0.56948294,0.6312039,-0.49116112,1.122365,0.94180187,0.01869564,0.79585196,20.084115,1.4329938,1.6388971999999997,0.10732126,3.8177363,0.05803669400000001,3.5,6.0,0.005339344,88045,0.22387773,17.387110999999997,0.18347108,0.55106772,0.57086746,-0.40577995,0.97664741,0.8798308000000001,0.0027653121000000003,0.41680608,19.137102,3.9205287,1.5156068,0.099635799,3.802867,0.043122247,4.0,5.5,0.0079245824,88045,0
0.13694697,0.41761587,0.5989641,-0.51474472,1.1137088,0.69123403,0.026953873,0.24828516,12.578801,4.159876000000001,0.77573435,0.067094767,2.8904428,0.036419383,2.75,5.0,0.005839980799999999,88758,0.11576078,9.3118007,0.096210727,0.28216587,0.2555058,-0.24512623,0.50063203,0.41963707,0.0084587737,0.29633767,10.239596,1.7719146000000001,0.36604487,0.026627158999999997,3.4367623,0.011529952,3.0,7.25,0.0064788386,88758,0
0.091664662,0.24340181,0.31658161,-0.20488850000000003,0.52147011,0.45857106,0.015909617,0.0047815482,12.333302,2.1171812,0.45915056,0.025250775,4.5459057000000005,0.0084557869,3.5,7.5,0.009799295100000001,89427,0.100816,22.518623,0.08017463799999999,0.22891249,0.29184284,-0.22977161,0.52161445,0.4096093,0.008601806,0.14644976,11.90987,1.0641788,0.37950557,0.019312957,4.9125773,0.008908706800000001,4.75,9.25,0.0093200243,89427,0
0.094097645,0.28348327,0.23542432,-0.3115422,0.54696652,0.44925434,0.062302820999999994,0.07758016400000001,14.811147,6.266783900000001,0.59414149,0.026502321000000002,5.6046176,0.019060086,5.75,8.25,0.025374381,89770,0.1129113,3.3638696000000006,0.09198352800000001,0.27058993,0.33386198,-0.31270012,0.6465621,0.48696541,0.019418715,0.19309895,15.428669000000001,3.4701483,0.5850459,0.025473469,5.7417179,0.0095245149,5.5,9.5,0.017000114,89770,0
0.17076948,0.44864784,0.70885496,-0.39711276,1.1059676999999999,0.8341329,0.086342999,0.51883371,15.923928,9.259962300000002,0.95668996,0.098353728,2.4317583,0.036090775,3.0,4.25,0.0097437393,90359,0.25192786,-8.2993741,0.20234979,0.60208976,0.49701141,-0.62762292,1.1246343,0.91711457,0.0011084673,0.19987916,12.898147999999999,3.3857287000000005,1.0406292,0.12679604,2.0517776999999997,0.081740205,1.5,3.5,0.0036732065,90359,0
0.053226645999999996,0.14511016,0.16052356,-0.27976603,0.44028959999999995,0.3110062,0.0089364053,0.007396852099999999,6.8483034,0.76970884,0.12531136,0.010130529000000001,3.0924191000000003,0.0047425472,2.25,8.0,0.010114371,90720,0.075302091,9.5191606,0.061393169000000004,0.15105934,0.14229499,-0.20769839,0.34999338,0.29047305,0.0027701164,0.032879995,6.9885584000000005,1.0813058,0.12308464,0.011159018,2.757515,0.0060663562,1.25,6.25,0.012244213,90720,0
0.11008528,0.28014899,0.3408368,-0.39009709,0.73093389,0.60041765,0.043811128,0.41160158,14.587179,5.4824608,0.53559717,0.039113628,3.4233411,0.013877008,2.75,6.25,0.017787581,92224,0.12373266,5.1156681,0.10136437,0.31841158,0.27312369,-0.38736181,0.6604855,0.51209731,0.010123635,0.035893308,12.324435000000001,1.7172557000000002,0.42682472,0.030563579,3.4912856,0.0080698669,3.75,6.0,0.014673863999999998,92224,0
0.1135527,0.31553854,0.31401409,-0.36916944,0.68318352,0.56153121,0.025796825,0.071000117,11.548752,1.1667717,0.41365294,0.037764853,2.738346,0.01179781,1.5,5.75,0.01103823,92426,0.15813954,-22.371489999999998,0.12299147,0.29665872,0.31022366,-0.49675496,0.80697862,0.62945335,0.026327107000000002,0.038803836,12.500464,2.426282,0.46384088,0.049003505999999995,2.3663658,0.023053337,1.0,5.75,0.011265748999999999,92426,0
0.069795471,0.20260147,0.19363551,-0.23333581,0.42697132,0.35517466,0.05172132,0.10722326,10.861362,6.2699695,0.18343386,0.015363281999999999,2.9849392000000003,0.0060633003,1.25,8.5,0.032325963,93030,0.091739636,-0.569391,0.075822287,0.20226709,0.18998897,-0.23174188,0.42173085,0.36281443,0.011073399999999999,0.055694075999999995,8.5046981,1.2549293,0.19217067,0.016830645,2.8544757,0.011015543999999999,1.25,7.5,0.008539796700000001,93030,0
0.070123748,0.218138,0.19521582,-0.20752263,0.40273845,0.34316182,0.055253783,0.095930284,10.281609,6.9551343999999995,0.22177375,0.014451491,3.8365202000000003,0.0040301058,2.0,6.25,0.02747667,94188,0.10616538,4.1107353,0.08461870199999999,0.26506366,0.35678306,-0.27927455,0.6360576,0.41430284,0.039259676,0.18246899,9.2011056,3.9393045,0.24566922,0.022492807000000004,2.7305308,0.01143294,2.25,5.0,0.014621298000000001,94188,0
0.20515977,0.64870031,0.59032736,-1.1802963,1.7706236000000002,1.1370486000000002,0.029612367,0.84546162,23.856804999999998,3.7615447,2.0918575,0.14654761,3.5685629999999997,0.039854688,3.5,6.5,0.0061608128,95157,0.16523983,22.539620000000003,0.13289477,0.40966886,0.48961689999999997,-0.33177308,0.82138998,0.68131366,0.012685823999999998,0.35619052,17.568717000000003,2.905951,0.91937914,0.053589788,4.2889661,0.019129941,4.75,7.25,0.011264986999999999,95157,0
0.045104628,0.11605008,0.14082706,-0.15104688,0.29187394,0.22880571,0.0061920981000000005,0.078859179,6.240522,0.43969764,0.085984886,0.0056667596,3.7933885999999997,0.0030318478,3.25,10.0,0.014662786,95511,0.058838242,13.240516,0.048099964,0.13217031,0.16825374,-0.11985724,0.28811098,0.23641365,0.010816161999999999,0.035645215,6.6183477,1.1567489,0.10332069,0.0065721516,3.9302459,0.0045116818,3.0,9.75,0.014603463,95511,0
0.065389019,0.20060852,0.16430482,-0.27180037,0.43610519,0.35711885,0.021568068,0.05589986,9.0426795,2.1148752,0.18896195,0.013315533000000001,3.5477729,0.0041737012,3.25,8.0,0.01805975,97952,0.10652365,-4.084402,0.08370171400000001,0.241425,0.32475917,-0.28497356,0.60973273,0.43601797,0.076836424,0.065271916,12.844503999999999,8.7264732,0.28577956,0.022609346000000002,3.1599716,0.0068920136,1.25,6.75,0.03340966,97952,0
0.039181579,0.12304642,0.15072912,-0.15636409,0.30709321,0.22019211,0.0006488302500000001,0.060305244,5.4849058,1.0815811000000002,0.079703858,0.0051237361,3.8889522000000003,0.0013935870000000002,3.75,8.25,0.009487121999999999,98987,0.040767863,3.0594752,0.032656767999999996,0.10200801,0.1392106,-0.093176176,0.23238678,0.18183033,0.00445111,0.073438972,5.1089997,0.66721894,0.05699782900000001,0.0033051638,4.3112711,0.0018009392000000002,3.75,10.25,0.01390841,98987,0
0.14420995,0.36576463,0.38380286,-0.52536874,0.90917159,0.69749369,0.052048656,0.81346679,18.089128,5.596858900000001,0.98855447,0.06628756400000001,3.7282802999999998,0.027623834,2.75,7.25,0.013411068,99654,0.15691702,10.87883,0.12243778,0.37799137,0.37128003,-0.47219666,0.84347668,0.63325011,0.035062336,0.79289292,15.732277999999999,5.3512317000000005,0.77316412,0.04900144099999999,3.9445989000000004,0.016310747,5.0,6.5,0.010013842,99654,0
0.084263241,0.26465505,0.2429701,-0.24102356,0.48399366,0.41544045,0.047985679,0.12035189,11.830335,5.851069799999999,0.34170206,0.020640261,4.1387808,0.011717497,4.0,8.0,0.023825907,100432,0.092684907,10.272996000000001,0.075357005,0.21111721,0.23300101,-0.21863248,0.45163348,0.37515682,0.010596142,0.023432916,9.574398599999999,1.0332295,0.27685385,0.016968686,4.0788934,0.009490783000000001,4.0,8.0,0.010154318,100432,0
0.086373016,0.25929005,0.26930269,-0.21016249,0.47946518,0.42339831,0.04284141599999999,0.13864837,13.038233,5.4587185,0.3366788,0.020534893999999998,4.0988621,0.0044634612,3.25,8.25,0.026911701,101512,0.11458085,23.831453,0.093047749,0.25169913,0.32889539,-0.245113,0.57400839,0.45945881,0.017573686,0.010954229,10.849721,2.8228791,0.35846961,0.025119897000000002,3.5675864,0.01010673,3.5,7.25,0.0090918772,101512,0
0.072482685,0.20233620000000002,0.20493954,-0.23589374,0.44083328,0.36839119,0.014176794,0.13367658,8.0664903,1.4325078000000002,0.20292339,0.015947018,3.1812120999999998,0.0062620226,3.0,7.25,0.008882993,102354,0.063488196,11.302043,0.050738671,0.16811496,0.21485229,-0.1387598,0.35361209,0.2697386,0.019746627,0.012761238000000001,8.3994823,3.312961,0.12535231,0.0078033435,4.015980600000001,0.0019385585000000001,4.5,10.0,0.026845348999999998,102354,0
0.13402382,0.39734497,0.49845186,-0.50001161,0.99846347,0.69484802,0.04962098,0.052842727,16.719701999999998,5.5333,0.75782745,0.058485545,3.2393792,0.023211028999999998,3.5,6.75,0.016212965,104866,0.1579442,6.7903735,0.12424093,0.33003582,0.33136999,-0.44983237,0.78120235,0.64761727,0.020671106,0.36089091,14.984371,1.6134863000000002,0.67109525,0.049795215,3.3692758,0.022414134,2.5,7.0,0.010360676999999999,104866,0
0.13103488,0.36620548,0.44574101,-0.40217793,0.84791894,0.68523857,0.065546553,0.11222629,18.892922,9.530459800000001,0.9079911,0.053651383,4.230977200000001,0.021307428,3.5,7.75,0.019953906,105107,0.14202084,7.168804300000001,0.11900483,0.35422359999999997,0.33524656,-0.30605178,0.64129834,0.57408852,0.024187438,0.076837928,14.939423999999999,2.6851671,0.67748994,0.040230946000000004,4.210005000000001,0.016606972,4.5,7.25,0.012636233,105107,0
0.12793108,0.36022808,0.46143139,-0.32992451,0.79135589,0.61970523,0.008504588,0.13603258,12.411237,1.5198827,0.57991242,0.048144970999999995,3.0112824000000002,0.020077588,3.25,6.25,0.0052881725,106489,0.18530805,18.905904999999997,0.14853339,0.45701398,0.48155133,-0.42189609999999994,0.90344742,0.72369174,0.11346364,0.45593557,20.51901,14.397352,0.95996983,0.06786721400000001,3.5362061000000002,0.043384637999999996,3.5,6.25,0.025971826,106489,0
0.16646483,0.49316086,0.47933485,-0.41261692,0.89195177,0.79723722,0.040205927,0.06041912,12.647902,3.7478801,0.78518941,0.08435223900000001,2.3271148999999998,0.05716035,2.25,4.5,0.0055042706000000005,106756,0.14126284,-3.3555316,0.11764184,0.35480937,0.29619497,-0.35381936,0.65001433,0.54269554,0.050948474,0.031445666000000004,13.290775,7.3876353,0.49145784,0.039869029,3.0817018,0.018244996,2.75,5.75,0.015227491999999999,106756,0
0.15027582,0.50076002,0.55348455,-0.27977537,0.83325993,0.70188432,0.037205265,0.57151704,15.372760000000001,5.9372489999999996,0.89187016,0.064986026,3.4310074999999998,0.04597921,3.0,6.0,0.0095441546,108196,0.2266902,58.970139,0.17251441,0.53779295,0.66407984,-0.39486008,1.0589399,0.85632979,0.065039983,0.57376003,19.204102,9.7093561,1.1443815,0.095794506,2.9865531,0.037934142000000004,2.75,5.75,0.011668783,108196,0
0.10316061,0.31932145,0.28885792,-0.35984879999999997,0.64870671,0.51660653,0.012477561000000002,0.0032526521999999996,11.383562,1.5451329,0.44716619,0.03101995,3.6038597,0.015914533999999998,3.25,6.75,0.0072964901,108830,0.11442499,19.768960999999997,0.087733442,0.24341832,0.44063381,-0.22814311,0.66877692,0.49776695,0.015666653,0.054401828,11.204321,2.1589577999999996,0.39380616,0.025402527,3.8756593,0.016750176999999998,3.5,7.25,0.009775721999999999,108830,0
0.14000404,0.45065314,0.26753228,-0.52571892,0.7932511999999999,0.61459504,0.029485327000000002,0.11687679,9.162647199999999,4.3106854000000006,0.4365751,0.058775608,1.856957,0.044987145,1.0,3.5,0.004317215,109395,0.14258889,19.688232,0.11706898,0.31927503,0.32513584,-0.27701023,0.60214607,0.54524427,0.070471561,0.21899082,12.245911999999999,6.952280099999999,0.35053558,0.039840368,2.1996256,0.022333335,1.0,5.5,0.016923709,109395,0
0.18761714,0.47222408,0.59831726,-0.4593851,1.0577024,0.82373443,0.0026716256,0.055528558,12.002841,0.85375873,0.90381868,0.10932032,2.0669046000000004,0.074791953,1.25,4.5,0.0017072155,110038,0.26814548,20.736826999999998,0.21400209,0.69714115,0.80435649,-0.61917989,1.4235364,0.95478577,0.15241729999999998,0.14889226,21.777735999999997,14.776349,1.1858425,0.14270521,2.0774337,0.13379816,1.75,5.0,0.015651801,110038,0
0.094089905,0.27460501,0.32140244,-0.32918624,0.65058867,0.49666063,0.014201532,0.15900338,10.348462,2.0590707,0.3726909,0.027807224,3.3506662000000005,0.0082764747,4.25,6.75,0.0074349735999999994,110880,0.14291018,12.951398,0.11514225,0.28533991,0.31675665,-0.38063625,0.6973929,0.5712837,0.074438247,0.30276825,16.143567,9.8526278,0.47892635,0.04046858,2.9586308999999997,0.017547427,1.75,6.75,0.02724056,110880,0
0.14957516,0.46170796,0.46166973,-0.49788069,0.95955042,0.8049643,0.097284292,0.3020299,24.064521,12.434891,1.2758125,0.067613591,4.7172931,0.024501501000000002,3.75,8.75,0.028982707000000003,113956,0.16344574,2.9425868,0.13270347,0.39782954,0.46002216,-0.41171715,0.87173931,0.65865374,0.0063165178,0.047450726,19.858846,0.8213924000000001,1.0428038,0.053411263,4.8810107,0.021189595,4.5,8.75,0.011349169,113956,0
0.16481301,0.46123091,0.41075979,-0.61828489,1.0290447,0.77632114,0.0049130789,0.13442777,15.154770999999998,2.4834004000000003,1.0863035,0.082342173,3.2981385000000003,0.031870987999999996,3.75,5.25,0.0041249916,114840,0.19256823,4.4087179,0.15934692,0.5149419,0.52442728,-0.41094315,0.93537043,0.71670302,0.0011430374,0.058568734000000004,15.493473000000002,2.8819965,1.0037828000000002,0.07412389700000001,3.3854898,0.051978567999999996,3.25,5.0,0.008555658,114840,0
0.16039842,0.50197378,0.57547643,-0.51071402,1.0861903999999998,0.82476742,0.09699310900000001,1.3565464,25.54584,10.213911999999999,1.7212945,0.076596868,5.6180317,0.03889891,5.0,8.25,0.025518867999999997,114955,0.14959915,22.33446,0.12102971,0.3798747,0.44234976,-0.35448596,0.79683572,0.65744897,0.068914141,0.30107093,21.578682,6.8592671,0.96077653,0.043712477,5.4948644,0.015014578999999998,5.25,8.5,0.03297273,114955,0
0.10635919999999999,0.3550193,0.28350617,-0.318662,0.60216817,0.50985191,0.057209538,0.082850193,13.260623999999998,6.2407094,0.50640922,0.031736514,3.9891685,0.024738707000000002,3.75,6.75,0.019663338,118155,0.11790434,9.665206699999999,0.09051116699999999,0.23614006,0.29443656,-0.35896153,0.65339809,0.50854098,0.022063481,0.30913246,10.725236,3.3811835,0.40995005,0.027613385,3.7115157,0.016882056,3.25,6.75,0.0075985124,118155,0
0.0648444,0.15476486,0.27564566,-0.15585769,0.43150335,0.31963338,0.0026100398,0.066829102,6.2370760999999995,0.051227159,0.12735895,0.01350341,2.3579035,0.0096699017,1.75,6.0,0.0043521261,118646,0.089904425,23.257906,0.068882832,0.17716754,0.21716342,-0.12286042,0.34002383,0.29963268,0.0021696788000000002,0.067242337,6.663638199999999,0.48286498,0.13768711,0.015083743,2.2820449000000003,0.01479245,1.5,5.75,0.0031669315999999998,118646,0
0.086248725,0.22695500000000002,0.2445598,-0.33468629,0.5792461,0.39399797,0.034140085,0.032093168,9.6679365,3.1692838,0.20131418,0.020739155,2.4267404,0.0099774288,1.5,7.0,0.01701303,120299,0.06446112400000001,12.677156,0.051682038,0.12695793,0.19080272,-0.12414412,0.31494685,0.2687718,0.02556663,0.0080831542,7.9060835,3.2701089,0.11344121,0.007983880799999999,3.5521951,0.0031296832,1.25,8.0,0.025396642,120299,0
0.039680979,0.10585963,0.14749908,-0.14291193,0.29041102,0.22055638,0.0014484358,0.047812375,7.1496897,0.24639956,0.09838491199999999,0.0047395677,5.1895509,0.00087659409,3.25,10.5,0.0095163504,123812,0.057664464000000006,15.557529,0.043696625999999995,0.1186056,0.17273342,-0.13824509,0.31097851,0.2535338,0.0011680877,0.048636994,7.496063,0.35034461,0.10389995,0.006166241899999999,4.2124502,0.0013993888,4.25,9.5,0.016200659,123812,0
0.088949535,0.27722591,0.26915277,-0.26400597,0.53315874,0.44943621,0.024882745,0.18067965,15.657318,3.5352588,0.54313255,0.022914441,5.9256578,0.0061633324,4.25,10.0,0.017002153,125810,0.1206925,5.9520056,0.098686824,0.28545356,0.28783149,-0.28610873,0.57394022,0.52156432,0.027253122999999997,0.040098256,16.467548,3.7509676,0.65973707,0.029056584,5.6763129999999995,0.008361433,5.5,9.75,0.016346169,125810,0
0.10999355,0.31875891,0.38730937,-0.43913643,0.8264458,0.59481244,0.12197225,0.33912735,20.938673,12.626011,0.70095174,0.038818466,4.5142931,0.014272759,4.5,9.25,0.047590817,126113,0.16176605,11.911592,0.1286518,0.37221675,0.43345705,-0.44442105,0.8778780999999999,0.65187743,0.020009421,0.31646438,14.322617000000001,2.7626532999999998,0.83486698,0.052049595,4.0099591,0.045823870999999995,4.0,6.5,0.0065438116,126113,0
0.19865852,0.59511574,0.56522887,-0.72675325,1.2919821000000002,0.98060887,0.037428485,0.37212007,16.722835999999997,4.1325016,1.2448645,0.12085394,2.5751426,0.074987617,2.0,4.75,0.0059941556,126154,0.30910572,16.194525,0.25732316,0.73158426,0.7047205,-0.59252387,1.2972443999999999,1.0661947,0.073065836,0.20861655,18.27523,8.7258,1.6259303999999999,0.19052588,2.1334771,0.13265433,1.5,3.5,0.0056634482,126154,0
0.037715561,0.12773828,0.12069214,-0.13071876,0.2514109,0.19506723,0.017502456,0.1802706,6.3936995,2.5311339,0.09108542900000001,0.0043427571000000005,5.2435255,0.0016435832999999998,5.75,8.5,0.026306256,126690,0.044030884000000006,7.3466271999999995,0.037270752000000004,0.11242561,0.09910793400000001,-0.092158419,0.19126635,0.1664396,0.01748905,0.18185077,6.264588900000001,1.5191776000000001,0.071964425,0.0037658479,4.7774383,0.0010597219,5.25,11.0,0.032746633,126690,0
0.10046432,0.3038539,0.28835921,-0.25204079,0.5404,0.48116509,0.014847077,0.15056956,14.034466,1.2804976000000001,0.57063473,0.028047697000000003,5.0862887,0.009857328,3.75,9.5,0.01151012,128625,0.1624402,14.303794,0.1276718,0.36433923,0.3668344,-0.52003014,0.88686454,0.63482214,0.070498118,0.19469471,19.883215,9.4327298,0.97594138,0.05233112,4.6623375,0.017784769,3.5,8.25,0.020871139,128625,0
0.038864618,0.11221366,0.23334534,-0.10015044,0.33349579,0.24243906,0.030825415,0.067750109,6.9092435,3.1395086,0.073232703,0.0057632417,3.1767149,0.0024606407,1.75,8.0,0.036837342,128924,0.055156587,13.269156,0.04231122599999999,0.12299523,0.17232237,-0.11085426,0.28317663,0.24263629,0.0011199918,0.07807444599999999,6.7826550999999995,0.83385502,0.092820211,0.0057322471,4.0481599,0.0012780622,2.25,10.0,0.016041386,128924,0
0.075118845,0.20147820000000002,0.2254408,-0.21655469,0.44199549,0.3600302,0.0047274826,0.016172069,9.173654199999998,1.5080566999999998,0.23225255,0.016571548000000002,3.5037847,0.0059192572,2.75,7.75,0.0063020594,129280,0.10095494,3.2521587000000003,0.082490185,0.24294381,0.29513390000000006,-0.23210619999999998,0.5272401,0.40462845,0.020469961000000002,0.076423993,10.836763000000001,2.5218099,0.29752591,0.020358367,3.6536072999999996,0.0048562722,2.75,7.75,0.014832696000000001,129280,0
0.072541098,0.19133109,0.25997286,-0.25071377,0.51068663,0.39598015,0.023222982000000003,0.1179892,10.991731,2.3413244,0.27313426,0.01645394,4.1499828,0.0050193792,3.5,8.0,0.020984403,129428,0.098526889,13.216007000000001,0.08060946,0.21587136,0.24055503,-0.21826732,0.45882235,0.3966084,0.0034503253000000003,0.14419292,10.737525999999999,0.91687798,0.32540093,0.019064935,4.2670081,0.0082906644,4.0,7.0,0.014525278,129428,0
0.055826648,0.18304432,0.1773443,-0.17612644,0.35347074,0.26657519,0.003728052,0.03472244,5.4453308,0.55985845,0.10761847,0.0088397209,3.0436047999999998,0.0061028838,3.25,5.25,0.0050170437,130683,0.071841035,18.014301,0.055634746,0.11072499,0.20346383,-0.16066987,0.3641337,0.24697516,0.0042187511,0.030582022,5.5675723,1.5280995000000002,0.094720636,0.009673142,2.4480318,0.0023916523000000003,0.75,5.25,0.0060892509,130683,0
0.12911785,0.3415593,0.58276766,-0.37756356,0.96033122,0.71806436,0.015059976000000001,0.45168318,14.481008,3.061762,0.68768384,0.053054008,3.2404896,0.016040449,3.0,6.5,0.0077557482,132155,0.13920315,20.641522,0.11554618,0.36150287,0.32763445,-0.28357341,0.61120786,0.50912986,0.06043846,0.19010154,14.704482999999998,7.655904400000001,0.51490995,0.037875333,3.3987157,0.016650608,3.5,6.5,0.020454525,132155,0
0.07337117,0.17882164,0.21351043,-0.2556845,0.46919493,0.35761052,0.016784937,0.026020565,10.348855,1.4567873,0.20432784,0.015933193999999998,3.2060087000000004,0.0037681177000000003,1.0,8.5,0.0191304,135992,0.095850467,15.563344,0.074043102,0.21404018,0.26847309,-0.28493647,0.55340956,0.40773218,0.0045204441,0.15738179,9.2952419,1.4116518,0.22680806,0.017890175,3.16945,0.006349248399999999,1.5,8.0,0.0051174593,135992,0
0.053776582,0.15701806,0.17119753,-0.2131002,0.38429773,0.33652423,0.02168442,0.072691979,8.560329300000001,2.9883981,0.15589026,0.0091601076,4.2545968,0.0029302209999999998,2.5,9.0,0.022261072000000003,140310,0.059495094000000005,11.834236,0.044583160999999996,0.10629882,0.14403410000000003,-0.23338972,0.37742381,0.27525313,0.031933297,0.02145908,8.7900034,4.1325940999999995,0.13350753,0.0067914754,4.9145259,0.0016545989,2.75,10.75,0.035731905,140310,0
0.13890006,0.39556256,0.52884803,-0.46037088,0.98921892,0.83444844,0.061584600999999996,0.07742503,21.512995,7.704778299999999,1.0692851,0.06414365400000001,4.1675405,0.020970767,3.5,8.75,0.020473642,141000,0.19845647,13.079836,0.14910966,0.4462165,0.64392642,-0.64304289,1.2869693000000002,0.87786011,0.017506903,0.046806592,23.392985,2.1215659,1.3440395,0.078415476,4.2849945,0.033192631,3.25,8.5,0.019854723,141000,0
0.17428916,0.53557095,0.59179596,-0.67339216,1.2651881,0.90087813,0.06177165,0.36133332,21.449961,6.615198599999999,1.5765291000000001,0.095011118,4.1482753,0.03644115,3.0,6.75,0.011509556,142229,0.16899664,15.501869000000001,0.1373179,0.381281,0.41237936,-0.46946714,0.8818465,0.63664173,0.01376842,0.15767782,19.321952,2.2314487,1.0615306999999998,0.056634980999999994,4.685843900000001,0.022415731,3.75,8.0,0.014870711000000002,142229,0
0.13269052,0.39122690000000004,0.42711319,-0.31123895,0.73835214,0.62169729,0.020615937,0.16197973,13.304426999999999,1.2726998999999999,0.73956145,0.051472844000000004,3.5919982000000004,0.044214212999999995,3.25,6.75,0.0068015338,145886,0.17018596,23.879095,0.14043085,0.43310966,0.46961501,-0.3652698,0.83488482,0.65722094,0.06796411599999999,0.69207872,15.946148999999998,8.5715442,0.81630128,0.056752885999999995,3.595858,0.023724986,2.75,6.75,0.013219611000000001,145886,0
0.16409099,0.56161591,0.46021403,-0.45876535,0.91897939,0.82981855,0.075228129,0.11358186,15.417422,7.1398883,0.91469953,0.078026616,2.9307292,0.042038698,3.0,5.0,0.010506999,149849,0.27861816,13.167342999999999,0.21372699,0.55812801,0.5696571,-0.88691951,1.4565766000000002,1.0843549,0.027648861,0.35238475,17.324012,5.407552900000001,1.5519051000000001,0.15490476,2.5046117000000003,0.075074149,2.25,4.0,0.0041701199,149849,0
0.16064904,0.44121049,0.49814393,-0.56609942,1.0642433999999998,0.82043767,0.026359274,0.19316943,14.052802999999999,3.8032081,1.0059854,0.08712625,2.8865738,0.060022697,2.75,5.5,0.0044180799,150107,0.17820638,0.69932534,0.14790231,0.43999187,0.38498330000000003,-0.43535855,0.82034185,0.70139721,0.031668831,0.71301179,16.020035,6.013619,0.8187295,0.06350645099999999,3.223017,0.027655733,2.5,6.25,0.009451933000000001,150107,0
0.09222724800000001,0.27722212,0.27043245,-0.27729626,0.54772871,0.45798127,0.010780176,0.08720716,11.448634,2.2193443,0.43297556,0.025531796000000002,4.239572,0.009559296600000001,4.25,8.25,0.0056152142,152503,0.1366388,18.2939,0.10548711,0.30240893,0.42781387,-0.36744321,0.79525708,0.54423564,0.020877015,0.27212803,12.48215,3.0699699000000003,0.55817227,0.036668586,3.8055208,0.021213309,3.0,7.5,0.0067845134999999996,152503,0
0.076169195,0.18838362,0.25275291,-0.26439384,0.51714675,0.36999237,0.029016701000000002,0.19018853,10.178230000000001,4.0696861,0.20893804,0.018170053000000002,2.8747582,0.010403006,1.5,7.25,0.019189486000000002,203956,0.10392456,9.1025729,0.079233965,0.22811085,0.29766361,-0.32793591,0.62559952,0.39537583,0.0065059314000000005,0.032086658,9.0422472,1.0348358,0.22802332,0.021434286,2.6595629,0.009355764499999999,1.25,7.0,0.0080346511,203956,0
0.13022847,0.39129299,0.45811127,-0.45463579,0.91274707,0.64509232,0.030043041,0.05155912,14.855007999999998,4.1724444,0.68265763,0.051814874000000004,3.2937339,0.016980448999999998,1.75,7.25,0.008108703299999999,204779,0.16564881,3.8441503,0.13502656,0.38506483,0.3277962,-0.40833279,0.73612899,0.64909928,0.013912167,0.10061897,15.084370000000002,2.6074308,0.67213675,0.054847661,3.0636527,0.022988578,1.75,7.5,0.007550681700000001,204779,0
0.12585209,0.40664089,0.45501228,-0.52554363,0.98055591,0.66505237,0.010645822,0.28167446,13.566260999999999,1.7325788,0.75240774,0.050171399000000005,3.7491865,0.019510503999999998,2.5,6.0,0.006800408399999999,205339,0.13079066,7.2011577,0.10508786,0.28052374,0.34496971,-0.33252846,0.67749817,0.51046953,0.0053788675,0.20679411,12.392274,2.4240722000000003,0.52569609,0.034108413,3.8531263,0.010038745,2.75,7.0,0.007201138199999999,205339,0
0.057650188,0.18338957,0.36140284,-0.28683502,0.64823787,0.29608588,0.033953588,0.039772987999999995,7.336001400000001,4.0832366,0.16229786,0.014061233000000001,2.8855553,0.005353886800000001,2.75,4.5,0.014927952,212665,0.045116888,14.834287,0.030048872999999997,0.12639697,0.20031685,-0.11102927,0.31134612,0.16470317,0.0017291278,0.011819973000000001,4.1504797,0.26237958,0.042861315,0.0036309403999999997,2.9511167,0.0013556889000000002,2.0,7.5,0.0063209362,212665,0
0.09357125599999999,0.28357719,0.30228590000000005,-0.32451911,0.62680502,0.46318231,0.015614323000000001,0.08605513599999999,7.3866962,2.0203843,0.2585993,0.027037062,2.3911557,0.017568718,2.5,5.0,0.0054342502,216198,0.10872143,9.9502304,0.090177754,0.28423689,0.21439809,-0.25881238,0.47321046,0.39667577,0.018229101,0.10023946,8.1498306,1.8625563000000003,0.26680939,0.023438841000000002,2.8458040000000002,0.028023565,2.5,5.25,0.0080008816,216198,0
0.09384774,0.26861572,0.35425864,-0.24839384,0.60265248,0.51269583,0.09770307,0.31919042,17.438243,10.630764,0.56429534,0.027717665,5.0896724,0.011951261000000001,5.0,8.25,0.04212682,216395,0.1311879,12.445733,0.11002913,0.32220095,0.34692026,-0.30609034,0.6530106,0.53213304,0.032404351,0.050819746,15.654916,4.7108907,0.7026489,0.034102209,5.1510512,0.0086949752,4.0,7.5,0.015295226,216395,0
0.13528268,0.40754156,0.45956042,-0.48287798,0.9424384,0.71353843,0.0342099,0.22649988,17.20593,3.2347776,0.84731919,0.057255013,3.6997598,0.020874277,3.25,7.5,0.013680636999999999,217622,0.21602554,11.506153,0.17028726,0.5090845,0.71894004,-0.45977938,1.1787193999999999,0.86238517,0.025546326,0.75976396,18.740609,2.5511616000000004,1.1330043,0.09306013,3.0437426,0.029205582999999997,1.5,6.25,0.009782616,217622,0
0.079969952,0.19871336,0.35968111,-0.20551198,0.56519309,0.40033837,0.0023901938,0.13894805,9.6562956,0.22563315,0.22758773,0.020578564,2.7648641,0.0067035228,1.75,7.25,0.008360739499999999,219307,0.12449473,23.234884,0.09317939800000001,0.26873375,0.42272358,-0.42169229,0.84441586,0.50778182,0.030390108,0.10030117,11.011855,4.3154297999999995,0.35661571,0.02991274,2.9804668,0.013244125,3.0,6.0,0.010454817,219307,0
0.1452548,0.37526061,0.37680714,-0.42043932,0.79724647,0.6643083000000001,0.11933178,0.09972753300000001,17.993126999999998,13.157407000000001,0.66382907,0.061587113,2.6946752,0.04731356900000001,1.75,5.0,0.024609065,220240,0.13189662,13.415675,0.10208281,0.28542111,0.43694781,-0.34677933,0.78372714,0.51776584,0.045037047000000004,0.1766821,11.21856,4.793609,0.34997968,0.034412547,2.5425296000000004,0.016882057,1.75,5.0,0.013806397,220240,0
0.13956027,0.45874159,0.45345572,-0.41324854,0.86670425,0.68487912,0.043649478,0.2758919,14.426008,3.5124402999999997,0.80692606,0.057395710999999995,3.5147489000000003,0.068920169,3.5,6.0,0.01153462,222777,0.15172155,18.154969,0.12006569,0.35610072,0.47846709,-0.31272885,0.79119595,0.57897045,0.0011964773,0.041979309000000006,12.110566,0.69826574,0.58083004,0.045379035,3.199881,0.042004390999999995,2.75,5.5,0.007402775,222777,0
0.08745546,0.23713409,0.31708591,-0.30633959,0.6234255,0.50091402,0.027887258999999998,0.037053328999999996,12.544792999999999,3.4468604,0.45303779,0.025237843,4.4876833,0.011660048999999999,3.5,8.75,0.012433972,223472,0.12091694,9.595697300000001,0.09833862800000001,0.29908615,0.31060776,-0.31547506,0.62608282,0.48774346,0.0025008174,0.17856637,12.902861,0.56834546,0.53991127,0.029057592,4.6451825,0.013052755,4.25,8.5,0.0063654824,223472,0
0.11042603,0.25045276,0.60910205,-0.43185173,1.0409538,0.70209287,0.047700512,0.34412806,14.570657,5.4753654,0.54469856,0.052079792,2.6147308999999996,0.016606623,1.25,6.75,0.01438552,224783,0.16910376,37.852258,0.13017679,0.3571268,0.51560777,-0.23878403,0.7543918000000001,0.62151487,0.0087261033,0.12417774,12.79733,2.370536,0.60412915,0.054326487,2.7800857000000003,0.029042763,3.0,5.75,0.005388245600000001,224783,0
0.05383613,0.15149031,0.16580987,-0.15018486,0.31599473,0.25247257,0.017851705,0.11015118,7.7429985,2.0791733,0.12556551,0.0082368414,3.8110939,0.0022572342,2.25,9.0,0.02027651,230637,0.07640733799999999,9.2875835,0.061564894,0.18234025,0.20993716,-0.1837641,0.39370126,0.32375972,0.006885776800000001,0.079727352,7.5187562,0.63844715,0.16516071,0.011503146,3.5894684,0.006740399,2.5,6.75,0.0085808899,230637,0
0.25472596,0.69865609,0.6495435,-1.0637357,1.7132792000000001,1.2361579,0.1945299,0.37238422,33.680203999999996,24.111147,2.2887914,0.20674281,2.7676796,0.10795896,2.5,6.0,0.026858447,12250,0.23502522,1.9493931,0.1911004,0.54431197,0.67845234,-0.53636941,1.2148218000000002,0.91114716,0.065948578,0.9948023000000001,21.586185999999998,6.6801148,1.3600431999999998,0.11042302,3.0791657000000003,0.055253369000000004,2.75,6.5,0.013852571999999999,12250,1
0.17231051,0.56271302,0.55648424,-0.47287256,1.0293568000000002,0.89861463,0.15224418,0.42341912,29.293478999999998,17.156955,1.5905551000000002,0.090067403,4.414902099999999,0.029421236,4.0,8.0,0.038969823,40312,0.23129433,4.2243322,0.19420534,0.65191842,0.52262695,-0.5551043999999999,1.0777313999999998,0.9316331,0.052845025,0.33330798,22.357635000000002,5.658857,1.7758619999999998,0.1069307,4.1518992,0.039903634,3.75,5.5,0.012315317,40312,1
0.20320078,0.67853091,0.68211532,-0.66162718,1.3437424999999998,1.0255349,0.14312978,0.10975592,33.511019,15.7122,2.417146,0.12354324,4.8912955,0.042582529,4.5,8.5,0.030538911000000002,59269,0.23184352,9.3451341,0.18249904,0.5343680000000001,0.61405923,-0.70523606,1.3192953,1.0303041,0.044397929,0.75529645,26.583417999999998,4.8486564,2.1293125,0.10731009,4.9606529,0.052931930999999995,4.5,8.75,0.011955193999999999,59269,1
0.20244348,0.64908262,0.51491879,-0.66751235,1.1824311,1.0603227,0.13216227,0.047272324000000004,33.771677000000004,13.1051,2.49674,0.12434564,5.0197579,0.058609098,5.25,9.75,0.030549167999999998,74677,0.20449260000000002,4.2398434,0.16551631,0.48227321,0.50180674,-0.55663732,1.0584441,0.88317417,0.13599418,0.35747840000000003,31.347886,16.452959,1.8121346999999999,0.083455818,5.4284254,0.021477374,5.0,9.75,0.040010065,74677,1
0.096732441,0.28271949,0.29285275,-0.29020604,0.58305879,0.50681825,0.0069036512,0.13738069,13.511339999999999,0.60491516,0.49864887,0.028895749,4.3142062,0.0088507515,5.25,8.25,0.0094422641,76885,0.14492389,5.9128309,0.1140911,0.34496859,0.35904076,-0.41863469,0.77767546,0.60995531,0.018177708,0.15836689999999998,14.628210999999999,1.2207546999999999,0.73507577,0.041931172,4.3826331,0.021535154,4.5,7.25,0.011530021000000001,76885,1
0.12433845,0.38997995,0.41625095,-0.25176112,0.66801206,0.58825738,0.040644098999999996,0.36642654,11.954742,3.5456799,0.50912561,0.046080240999999994,2.7621688,0.037951793,2.5,5.25,0.010103515,77794,0.16110176,19.521362,0.13147938,0.39384013,0.39553915,-0.25039022,0.64592938,0.60728673,0.033993937,0.047519777,14.196310999999998,6.993540299999999,0.53625363,0.051139977999999996,2.6214991000000003,0.040035554,2.0,4.75,0.014163566,77794,1
0.06212190000000001,0.17247658,0.19902503,-0.21880904,0.41783407,0.3130476,0.00034729214,0.045580215,5.0744904,0.4441877,0.11817281,0.012119568999999998,2.4376446,0.0047884511,2.0,6.75,0.0023571687,82797,0.13890683,-35.397193,0.09334130199999999,0.28553603,0.198594,-0.71171058,0.91030458,0.43380986,0.040995732,0.016826776,15.632520000000001,10.865844000000001,0.30442008,0.036077722,2.1094741000000004,0.013839766000000002,0.75,6.5,0.033327164,82797,1
0.20039577,0.59641045,0.54058474,-0.64576109,1.1863458,0.92191029,0.1515237,0.16316591,22.238278,18.712578,1.1063498,0.12652368,2.1860529,0.074957174,2.25,4.5,0.021223903,87689,0.29237058,-8.118019199999999,0.23004235,0.67450268,0.59924933,-0.70427775,1.3035271000000002,1.0597752,0.052942832,0.24775396,14.359739000000001,7.615454,1.3157126000000001,0.17081437,1.9256468999999998,0.12027877,1.5,3.25,0.0034102922999999998,87689,1
0.09707158699999999,0.28718094,0.38405199,-0.40253994,0.78659193,0.66016831,0.042427094000000005,0.12727363,23.183382,5.8077639,0.88542839,0.029724177,7.447038799999999,0.0062877989000000006,8.75,12.75,0.037908223,91727,0.15687204,24.82258,0.11950119,0.35846414,0.51191738,-0.45940133,0.97131871,0.77439233,0.023892649,0.023800381000000002,25.099124,3.9601385000000002,1.1822728999999998,0.047980115999999996,6.160223,0.0083234849,3.5,11.0,0.020563966,91727,1
0.34964339,1.1686728000000002,1.3293037,-1.0552854999999999,2.3845892,1.8258035,0.014576305,3.6668874,47.917099,0.55063234,8.137145799999999,0.36899212,5.513089,0.25228754,5.75,9.0,0.0065733676,96241,0.41828946,-6.5271425,0.32103682,1.1063756999999999,1.3585450000000001,-1.5174623,2.8760074,1.7968807,0.0072433304,3.8544214,47.666290000000004,5.9832046,8.0034241,0.34984634,5.719242400000001,0.17948327,5.25,10.25,0.0044666184000000005,96241,1
0.20862185,0.68106787,0.65021736,-0.70428587,1.3545032,0.9724699,0.015696674,0.28498372,19.608026000000002,5.8911115,1.9888453000000001,0.13128496,3.7872681000000004,0.09882847,3.5,5.75,0.0032892419,105912,0.39919849,6.779213799999999,0.33234024,1.1409732,0.99738729,-1.0038737,2.001261,1.4984688999999998,0.08840361599999999,0.99421757,25.932904999999998,8.091097099999999,3.8634995,0.31852985,3.03229,0.54796123,3.0,3.75,0.007413236899999999,105912,1
0.1623759,0.48751945,0.5282738,-0.56991221,1.098186,0.88462603,0.042740684,0.5216579000000001,33.131537,5.8245239,2.3316287,0.077775602,7.4947306,0.028703421,7.0,11.75,0.022847712000000003,106124,0.20513872,30.289116999999997,0.16436484,0.51984333,0.50687601,-0.56422568,1.0711017,0.94483356,0.012555446000000001,0.61041845,33.978190000000005,4.0762815,2.4177129,0.082328844,7.3416338,0.022288433,7.0,12.25,0.0098230696,106124,1
0.26602564,0.89255466,0.83004351,-0.74727822,1.5773217,1.3149773,0.068468557,0.76950608,35.605737,6.681743099999999,4.3165328,0.21079157,5.1194324,0.10827385,5.75,7.5,0.011181973000000001,112204,0.32674509,10.610144,0.25416409,0.81485752,0.84715604,-0.84262523,1.6897813000000002,1.5126042,0.028910555,1.2480229,35.059937,3.0471347,4.4528581,0.21328959,5.219263300000001,0.13055391,5.5,7.5,0.010085941,112204,1
0.099299858,0.30388354,0.20700443,-0.38486426,0.59186869,0.49069422,0.025793892000000002,0.094797601,7.9345175,3.6094837999999996,0.30492155,0.031318478,2.4340387999999997,0.016040743,2.25,4.0,0.0063012516,119974,0.16439633,5.298821,0.13804470000000002,0.51129863,0.34115204,-0.40136027,0.74251231,0.62179665,0.0053264652,0.008904141899999999,8.751544500000001,2.4778164,0.43002863,0.053993226,1.9911231,0.038526412,1.5,3.0,0.0047990301,119974,1
0.26252568,0.81617096,0.54146386,-0.75862202,1.3000858999999998,1.0300213,0.033343924,0.26204428,9.438520500000001,6.5968557,0.80089705,0.20311668,0.98575983,0.18953507,0.75,1.75,0.0018283919,133713,0.23910197,-19.396425,0.17912282,0.43536173,0.53116825,-0.59405535,1.1252236,0.74227698,0.0081153114,0.045849207999999995,8.5702442,4.563189,0.43143943,0.11358597,0.94958785,0.13735245,0.75,1.5,0.0027100706,133713,1
